method,h,global_pinball,cluster_pinball,imp_pinball_pct,benefit_frac_pinball,global_median_mse,cluster_median_mse,imp_median_mse_pct,fallback_frac,routed_cov,routed_wid
FEAT_KMEANS_K5,1,0.07510003032318005,0.0697426754141678,7.133625493835081,0.3181818181818182,0.14822251462998492,0.14341336073226887,3.2445502019186327,0.6772727272727272,0.5281664092206594,0.36338611193227044
FEAT_KMEANS_K5,3,0.12760964707217434,0.10968246826563369,14.048451051981422,0.32272727272727275,0.23244781173088333,0.2072167967941443,10.85448589464472,0.6772727272727272,0.7119718285311352,0.861580376679247
FEAT_KMEANS_K5,6,0.2555030629546805,0.20479566009062067,19.846103713071336,0.32272727272727275,0.5364568972294884,0.42805264698244727,20.20744831633088,0.6772727272727272,0.7851981034333055,1.7842960918491537
