h,global_pinball,individual_pinball,imp_pinball_pct,benefit_frac_pinball,trained_frac
1,0.07510003032318005,0.22546910159713165,-200.2250473493342,0.0022727272727272726,1.0
3,0.12760964707217434,0.28644676251844925,-124.47108748481902,0.004545454545454545,1.0
6,0.2555030629546805,0.3963939371990499,-55.142538259652774,0.045454545454545456,1.0
