method,h,global_pinball,cluster_pinball,imp_pinball_pct,benefit_frac_pinball,global_median_mse,cluster_median_mse,imp_median_mse_pct,fallback_frac,routed_cov,routed_wid
RANDOM_BALANCED_K2,1,0.07510003032318005,0.07427856726571917,1.0938252007700302,0.6909090909090909,0.14822251462998492,0.14737382970404614,0.5725749074338671,0.0,0.4898189454593442,0.37255402171250546
RANDOM_BALANCED_K2,3,0.12760964707217434,0.12366076285866172,3.094502887606285,0.6909090909090909,0.23244781173088333,0.22570100144991143,2.902505397118141,0.0,0.6348187400807034,0.8750280511921102
RANDOM_BALANCED_K2,6,0.2555030629546805,0.2447211970925912,4.219857772899473,0.6386363636363637,0.5364568972294884,0.5079053129758927,5.322251312463184,0.0,0.726085292635026,1.7689854710907131
