method,h,global_pinball,cluster_pinball,imp_pinball_pct,benefit_frac_pinball,global_median_mse,cluster_median_mse,imp_median_mse_pct,fallback_frac,routed_cov,routed_wid
YOUR_VAL_K7,1,0.07510003032318005,0.06724184866303183,10.463619823230282,0.6,0.14822251462998492,0.13938024642446897,5.96553649598331,0.4,0.5561152796402122,0.37592039209875194
YOUR_VAL_K7,3,0.12760964707217434,0.10071301133710552,21.077274604369403,0.6,0.23244781173088333,0.18942420676646926,18.508930948433573,0.4,0.7738820586963133,0.9077514828877016
YOUR_VAL_K7,6,0.2555030629546805,0.19269315724611863,24.58283864867119,0.6,0.5364568972294884,0.3835411917309385,28.504751507209132,0.4,0.8610369523043756,1.8776771245064674
