method,h,global_pinball,cluster_pinball,imp_pinball_pct,benefit_frac_pinball,global_median_mse,cluster_median_mse,imp_median_mse_pct,fallback_frac,routed_cov,routed_wid
FEAT_KMEANS_K7,1,0.05366762960502118,0.049371062325210206,8.005882338073274,0.6166666666666667,0.08869383767316186,0.07714470194445716,13.021350785680779,0.31666666666666665,0.8252478615001396,0.4674134019900251
FEAT_KMEANS_K7,3,0.051860929363303714,0.04756492357701063,8.283703819108371,0.6166666666666667,0.08125079857806365,0.06993212319082684,13.930540481226314,0.31666666666666665,0.9451111253764894,0.960146810942226
FEAT_KMEANS_K7,6,0.05293332561850548,0.048897041773630516,7.625222480757716,0.55,0.08343630831481683,0.0720005676150322,13.705952397409517,0.31666666666666665,0.9628034330076641,2.233876312441296
