h,global_pinball,individual_pinball,imp_pinball_pct,benefit_frac_pinball,trained_frac
1,0.05366762960502118,0.05932595727240875,-10.543278525679787,0.19444444444444445,1.0
3,0.051860929363303714,0.05875309126244651,-13.28969994128108,0.20555555555555555,1.0
6,0.05293332561850548,0.059824617476099066,-13.018815230427148,0.22777777777777777,1.0
