method,h,global_pinball,cluster_pinball,imp_pinball_pct,benefit_frac_pinball,global_median_mse,cluster_median_mse,imp_median_mse_pct,fallback_frac,routed_cov,routed_wid
RANDOM_BALANCED_K5,1,0.05366762960502118,0.05132434870875269,4.366283574501778,0.43333333333333335,0.08869383767316186,0.08141660371502102,8.204892413109416,0.4,0.8387777814158687,0.49273401769223035
RANDOM_BALANCED_K5,3,0.051860929363303714,0.04964889461795489,4.265320295077551,0.40555555555555556,0.08125079857806365,0.07448656281663311,8.325131420008919,0.4,0.966854703426361,1.0511107921600342
RANDOM_BALANCED_K5,6,0.05293332561850548,0.05097035310334629,3.7083869041338517,0.35,0.08343630831481683,0.07673941294973095,8.026356271441868,0.4,0.9864957332611084,2.574298143386841
