method,h,global_pinball,cluster_pinball,imp_pinball_pct,benefit_frac_pinball,global_median_mse,cluster_median_mse,imp_median_mse_pct,fallback_frac,routed_cov,routed_wid
YOUR_VAL_K5,1,0.05366762960502118,0.04680860227715499,12.780566942022075,0.9555555555555556,0.08869383767316186,0.07293103352292545,17.77215256861766,0.0,0.8208105416209609,0.4369215057403953
YOUR_VAL_K5,3,0.051860929363303714,0.04513430429829492,12.970506212656673,0.9277777777777778,0.08125079857806365,0.06608287205712662,18.668033774910015,0.0,0.9621025727854835,0.8974001444048352
YOUR_VAL_K5,6,0.05293332561850548,0.04635984343993995,12.418419023851092,0.8666666666666667,0.08343630831481683,0.06762223890465167,18.953462502794903,0.0,0.983487163318528,2.270373484823439
